{

    "metadata" :
    {
        "formatVersion" : 3.1,
        "sourceFile"    : "lpc1.obj",
        "generatedBy"   : "OBJConverter",
        "vertices"      : 162,
        "faces"         : 120,
        "normals"       : 0,
        "colors"        : 0,
        "uvs"           : 5,
        "materials"     : 1
    },

    "scale" : 1.000000,

    "materials": [	{
	"DbgColor" : 15658734,
	"DbgIndex" : 0,
	"DbgName" : "wire_134110008"
	}],

    "vertices": [1.939390,59.137691,-32.297417,1.939390,20.275780,-26.665255,1.939390,59.137691,-26.665255,1.939390,20.275780,-32.297417,1.939390,58.968727,-32.297417,48.259998,1.270000,-0.000000,0.000000,3.809999,-20.955000,0.000000,1.270000,-0.000000,48.259998,3.809999,-20.955000,48.259998,0.000000,-20.955000,0.000000,0.000000,-20.955000,0.000000,0.000000,-0.000000,48.259998,0.000000,-0.000000,47.548840,59.137691,-26.665255,47.548840,59.137691,-32.297417,4.980757,22.810253,-26.665255,4.980757,56.603222,-26.665255,44.507473,22.810253,-26.665255,47.548840,20.275780,-26.665255,44.507473,56.603222,-26.665255,5.994545,24.499899,-28.692831,5.994545,54.913570,-28.692831,43.493683,54.913570,-28.692831,43.493683,24.499899,-28.692831,47.047470,12.666834,-21.872284,2.440756,2.534472,-21.872284,47.047470,2.534472,-21.872284,2.440756,12.666834,-21.872284,9.331862,53.336563,-58.768574,41.916679,26.076906,-58.768574,9.331862,25.907942,-58.768574,41.916679,53.505531,-58.768574,45.720001,3.150936,-14.955940,45.720001,3.785936,-13.685940,45.720001,3.150936,-13.685940,45.720001,3.785936,-14.955940,50.088840,0.000000,-56.403065,50.088840,15.240000,-22.610098,50.088840,0.000000,-22.610098,50.088840,15.240000,-56.403065,4.755470,23.091860,-35.113495,4.755470,56.152649,-35.113495,-0.600611,15.240000,-22.610098,20.402679,15.240000,-31.733128,-0.600611,15.240000,-56.403065,23.310543,15.240000,-29.789206,18.536877,15.240000,-34.691723,18.035749,15.240000,-38.153427,26.757675,15.240000,-29.196081,30.148033,15.240000,-30.056309,32.895393,15.240000,-32.221149,34.524708,15.240000,-35.316280,34.754265,15.240000,-38.806526,24.360596,15.240000,-45.754742,21.223177,15.240000,-44.208416,18.985950,15.240000,-41.519676,27.855717,15.240000,-45.891277,31.104200,15.240000,-44.594414,33.544361,15.240000,-42.088390,-0.600611,0.000000,-56.403065,-0.600611,0.000000,-22.610098,47.548840,20.275780,-32.297417,40.639999,3.785936,-14.955940,40.639999,3.150936,-13.685940,40.639999,3.785936,-13.685940,40.639999,3.150936,-14.955940,45.720001,1.692507,-2.601305,45.720001,3.459332,-11.982519,45.720001,2.322973,-2.525547,45.720001,2.828867,-12.058275,38.099998,2.298567,-7.645021,38.099998,3.459332,-11.982519,38.099998,2.929031,-7.569265,38.099998,2.828867,-12.058275,38.099998,2.322973,-2.525547,33.020000,2.626001,-5.047407,33.020000,2.322973,-2.525547,38.099998,2.626001,-5.047407,33.020000,1.995537,-5.123163,38.099998,1.692507,-2.601305,33.020000,1.692507,-2.601305,38.099998,1.995537,-5.123163,40.639999,1.692507,-2.601305,40.639999,2.322973,-2.525547,40.639999,3.459332,-11.982519,40.639999,2.828867,-12.058275,33.020000,3.459332,-11.982519,33.020000,2.298567,-7.645021,33.020000,2.929031,-7.569265,33.020000,2.828867,-12.058275,38.099998,3.150936,-14.955940,38.099998,3.785936,-13.685940,38.099998,3.150936,-13.685940,38.099998,3.785936,-14.955940,30.480000,3.150936,-14.955940,30.480000,3.785936,-13.685940,30.480000,3.150936,-13.685940,30.480000,3.785936,-14.955940,33.020000,3.785936,-14.955940,33.020000,3.785936,-13.685940,33.020000,3.150936,-14.955940,33.020000,3.150936,-13.685940,18.035749,20.872160,-38.153427,18.536877,20.872160,-34.691723,20.402679,20.872160,-31.733128,23.310543,20.872160,-29.789206,26.757675,20.872160,-29.196081,30.480000,2.322973,-2.525547,2.539999,3.459332,-11.982519,2.539999,2.322973,-2.525547,30.480000,3.459332,-11.982519,2.539999,2.828867,-12.058275,30.480000,1.692507,-2.601305,2.539999,1.692507,-2.601305,30.480000,2.828867,-12.058275,2.539999,3.785936,-14.955940,2.539999,3.785936,-13.685940,2.539999,3.150936,-14.955940,2.539999,3.150936,-13.685940,18.985950,20.872160,-41.519676,21.223177,20.872160,-44.208416,44.732758,23.260826,-35.113495,24.360596,20.872160,-45.754742,27.855717,20.872160,-45.891277,32.895393,20.872160,-32.221149,34.524708,20.872160,-35.316280,33.544361,20.872160,-42.088390,31.104200,20.872160,-44.594414,30.148033,20.872160,-30.056309,47.548840,20.444744,-32.297417,44.732758,56.321609,-35.113495,34.754265,20.872160,-38.806526,43.493683,54.913570,-28.692831,5.994545,24.499899,-28.692831,43.493683,24.499899,-28.692831,5.994545,54.913570,-28.692831,18.536877,15.240000,-34.691723,18.035749,15.240000,-38.153427,20.402679,15.240000,-31.733128,18.536877,15.240000,-34.691723,18.985950,15.240000,-41.519676,21.223177,15.240000,-44.208416,23.310543,15.240000,-29.789206,20.402679,15.240000,-31.733128,21.223177,15.240000,-44.208416,24.360596,15.240000,-45.754742,26.757675,15.240000,-29.196081,23.310543,15.240000,-29.789206,24.360596,15.240000,-45.754742,27.855717,15.240000,-45.891277,30.148033,15.240000,-30.056309,26.757675,15.240000,-29.196081,27.855717,15.240000,-45.891277,31.104200,15.240000,-44.594414,32.895393,15.240000,-32.221149,30.148033,15.240000,-30.056309,31.104200,15.240000,-44.594414,33.544361,15.240000,-42.088390,34.524708,15.240000,-35.316280,32.895393,15.240000,-32.221149,33.544361,15.240000,-42.088390,34.754265,15.240000,-38.806526],

    "morphTargets": [],

    "morphColors": [],

    "normals": [],

    "colors": [],

    "uvs": [[0,0,0.23783,0.30027,0.032779,0.13397,0.23783,0.13397,0.032779,0.30027]],